{"_timestamp":1.7727840354371762e+09,"_step":20,"test_f1":0.9805020010445487,"val_loss":0.1975459206545168,"train_loss":0.012591349925921631,"train_acc":0.9978148148148148,"_runtime":84,"_wandb":{"runtime":84},"val_f1":0.9753842714944156,"epoch":20,"val_acc":0.9755,"test_acc":0.9807}