{"_runtime":87,"_step":20,"train_loss":0.010773036804765409,"train_acc":0.9980740740740741,"epoch":20,"val_loss":0.2051711554730892,"_timestamp":1.7727837905954542e+09,"val_f1":0.9763034708823524,"val_acc":0.9765,"test_acc":0.9773,"test_f1":0.9771186478925775,"_wandb":{"runtime":87}}