{"_wandb":{"runtime":85},"val_f1":0.9743175976473987,"val_acc":0.9745,"_step":20,"test_f1":0.9785770622818889,"train_acc":0.997037037037037,"test_acc":0.9788,"val_loss":0.2133006096193226,"train_loss":0.012296424817405319,"_runtime":85,"epoch":20,"_timestamp":1.772786014282151e+09}