{"_wandb":{"runtime":3},"train_loss":1.232217264426805,"val_acc":0.5951666666666666,"_step":3,"train_acc":0.6022962962962963,"_timestamp":1.7727858870024402e+09,"_runtime":3,"val_f1":0.544341661071934,"epoch":3,"test_acc":0.6039,"val_loss":1.18944356208588,"test_f1":0.5503627894409726}